/*
Navicat MySQL Data Transfer

Source Server         : db
Source Server Version : 50713
Source Host           : 192.168.0.117:3306
Source Database       : mysqldb

Target Server Type    : MYSQL
Target Server Version : 50713
File Encoding         : 65001

Date: 2017-10-03 21:27:34
*/

SET FOREIGN_KEY_CHECKS=0;

-- ----------------------------
-- Table structure for `aspnetroles`
-- ----------------------------
DROP TABLE IF EXISTS `aspnetroles`;
CREATE TABLE `aspnetroles` (
  `Id` varchar(128) NOT NULL,
  `Name` varchar(256) NOT NULL,
  PRIMARY KEY (`Id`)
) ENGINE=InnoDB DEFAULT CHARSET=utf8;

-- ----------------------------
-- Records of aspnetroles
-- ----------------------------
INSERT INTO `aspnetroles` VALUES ('288c49e2-637e-4344-94e8-25a7af170c02', 'member');
INSERT INTO `aspnetroles` VALUES ('3b131ed5-9e84-4db4-a9fe-27ef3696424b', 'client');
INSERT INTO `aspnetroles` VALUES ('9127413a-82fc-4442-9ba8-468987f30d66', 'admin');

-- ----------------------------
-- Table structure for `aspnetuserclaims`
-- ----------------------------
DROP TABLE IF EXISTS `aspnetuserclaims`;
CREATE TABLE `aspnetuserclaims` (
  `Id` int(11) NOT NULL AUTO_INCREMENT,
  `UserId` varchar(128) NOT NULL,
  `ClaimType` longtext,
  `ClaimValue` longtext,
  PRIMARY KEY (`Id`),
  UNIQUE KEY `Id` (`Id`),
  KEY `UserId` (`UserId`),
  CONSTRAINT `ApplicationUser_Claims` FOREIGN KEY (`UserId`) REFERENCES `aspnetusers` (`Id`) ON DELETE CASCADE ON UPDATE NO ACTION
) ENGINE=InnoDB DEFAULT CHARSET=utf8;

-- ----------------------------
-- Records of aspnetuserclaims
-- ----------------------------

-- ----------------------------
-- Table structure for `aspnetuserlogins`
-- ----------------------------
DROP TABLE IF EXISTS `aspnetuserlogins`;
CREATE TABLE `aspnetuserlogins` (
  `LoginProvider` varchar(128) NOT NULL,
  `ProviderKey` varchar(128) NOT NULL,
  `UserId` varchar(128) NOT NULL,
  PRIMARY KEY (`LoginProvider`,`ProviderKey`,`UserId`),
  KEY `ApplicationUser_Logins` (`UserId`),
  CONSTRAINT `ApplicationUser_Logins` FOREIGN KEY (`UserId`) REFERENCES `aspnetusers` (`Id`) ON DELETE CASCADE ON UPDATE NO ACTION
) ENGINE=InnoDB DEFAULT CHARSET=utf8;

-- ----------------------------
-- Records of aspnetuserlogins
-- ----------------------------

-- ----------------------------
-- Table structure for `aspnetuserroles`
-- ----------------------------
DROP TABLE IF EXISTS `aspnetuserroles`;
CREATE TABLE `aspnetuserroles` (
  `UserId` varchar(128) NOT NULL,
  `RoleId` varchar(128) NOT NULL,
  PRIMARY KEY (`UserId`,`RoleId`),
  KEY `IdentityRole_Users` (`RoleId`),
  CONSTRAINT `ApplicationUser_Roles` FOREIGN KEY (`UserId`) REFERENCES `aspnetusers` (`Id`) ON DELETE CASCADE ON UPDATE NO ACTION,
  CONSTRAINT `IdentityRole_Users` FOREIGN KEY (`RoleId`) REFERENCES `aspnetroles` (`Id`) ON DELETE CASCADE ON UPDATE NO ACTION
) ENGINE=InnoDB DEFAULT CHARSET=utf8;

-- ----------------------------
-- Records of aspnetuserroles
-- ----------------------------
INSERT INTO `aspnetuserroles` VALUES ('16954a95-5526-4d82-be20-0bbeb67eb183', '288c49e2-637e-4344-94e8-25a7af170c02');
INSERT INTO `aspnetuserroles` VALUES ('3f758bac-b17b-456d-bf0d-85152ab06389', '288c49e2-637e-4344-94e8-25a7af170c02');
INSERT INTO `aspnetuserroles` VALUES ('58cf16b2-d44a-45d3-b6ed-a1778e97f070', '288c49e2-637e-4344-94e8-25a7af170c02');
INSERT INTO `aspnetuserroles` VALUES ('6698683e-f4af-4455-88e4-4dfbfe074772', '288c49e2-637e-4344-94e8-25a7af170c02');
INSERT INTO `aspnetuserroles` VALUES ('5de855f0-21e5-49b2-b189-f427c55ce913', '3b131ed5-9e84-4db4-a9fe-27ef3696424b');
INSERT INTO `aspnetuserroles` VALUES ('b022a487-a306-4f00-bb1d-875bf0865e6f', '3b131ed5-9e84-4db4-a9fe-27ef3696424b');
INSERT INTO `aspnetuserroles` VALUES ('c35f003b-0a55-42de-91bb-461a7fa1b4a2', '3b131ed5-9e84-4db4-a9fe-27ef3696424b');
INSERT INTO `aspnetuserroles` VALUES ('d071e7f6-7045-4331-8ba2-e53bc909afbe', '3b131ed5-9e84-4db4-a9fe-27ef3696424b');

-- ----------------------------
-- Table structure for `aspnetusers`
-- ----------------------------
DROP TABLE IF EXISTS `aspnetusers`;
CREATE TABLE `aspnetusers` (
  `Id` varchar(128) NOT NULL,
  `Email` varchar(256) DEFAULT NULL,
  `EmailConfirmed` tinyint(1) NOT NULL,
  `PasswordHash` longtext,
  `SecurityStamp` longtext,
  `PhoneNumber` longtext,
  `PhoneNumberConfirmed` tinyint(1) NOT NULL,
  `TwoFactorEnabled` tinyint(1) NOT NULL,
  `LockoutEndDateUtc` datetime DEFAULT NULL,
  `LockoutEnabled` tinyint(1) NOT NULL,
  `AccessFailedCount` int(11) NOT NULL,
  `UserName` varchar(256) NOT NULL,
  PRIMARY KEY (`Id`)
) ENGINE=InnoDB DEFAULT CHARSET=utf8;

-- ----------------------------
-- Records of aspnetusers
-- ----------------------------
INSERT INTO `aspnetusers` VALUES ('1193f2b3-2363-4b53-8c66-3cd3ba3c45f6', 'aaa@aaa.com', '0', 'AKnkrCdHEh8Z3j1Y/njv0UDb7JHvkIuDIObaYEtxxcihlf1zRMjtdxgMX/qXkfVTsA==', 'b650721b-f5b6-4c8c-b032-12772c1e4594', null, '0', '0', null, '1', '0', 'aaa@aaa.com');
INSERT INTO `aspnetusers` VALUES ('16954a95-5526-4d82-be20-0bbeb67eb183', 'ddd@ddd.com', '0', 'AOV+nkpSmKOC59WqpweWWJj7mQilgF0UX8FZS16FoRy6ZBRkpClCZ35b0W+v9glQUg==', '0000e2d8-33c1-440d-b9d3-57a6bc601324', null, '0', '0', null, '1', '0', 'ddd@ddd.com');
INSERT INTO `aspnetusers` VALUES ('3f758bac-b17b-456d-bf0d-85152ab06389', 'ccc@ccc.com', '0', 'ALgfhIZ5QGGKxIzO/9tWVR29dsppQOn1SNZqFjPhr1y1xJYAFAPVpQC/UuTh3yVjJw==', '7b91638d-a53f-4c59-aadc-14b812025405', '1234134234', '0', '0', null, '1', '0', 'ccc@ccc.com');
INSERT INTO `aspnetusers` VALUES ('58cf16b2-d44a-45d3-b6ed-a1778e97f070', 'bbb@bbb.com', '0', 'AAynZF6iZA0K4RuBpuBDPy7S7+NBdn6KoyTeig7L7A9Kg/mLiSLqzbplsPz5nr/T+w==', '5636b805-9092-467a-9923-fc276ec9a7ff', null, '0', '0', null, '1', '0', 'bbb');
INSERT INTO `aspnetusers` VALUES ('5de855f0-21e5-49b2-b189-f427c55ce913', 'test@hotmail.com', '0', 'AKzv2E4CHSC7aUvZZ+22FSVXUCl6S9eU84C+hckIi8URyb64gWjIkMn8Fioi4DgTOg==', 'cf876476-cb78-45c4-ab95-e1d0e84e4af7', '123456789', '0', '0', null, '1', '0', 'test@hotmail.com');
INSERT INTO `aspnetusers` VALUES ('6698683e-f4af-4455-88e4-4dfbfe074772', 'zzz@zzz.com', '0', 'AKxswZ206WJpLwpmsZi7Z6G1ZBGjisuazm+78KWOTU1Uwc23MWLEqPKhtbWEpdpUbA==', '44684250-c502-43a4-870c-395e67e9a764', '1233', '0', '0', null, '1', '0', 'zzz@zzz.com');
INSERT INTO `aspnetusers` VALUES ('b022a487-a306-4f00-bb1d-875bf0865e6f', 'ggg@ggg.com', '0', 'AJ7hSwpmOef1rr+VSYd7BLCi4XiC4J20/nP/rcymtbFqJvgB54G8jN9fPcbfJPJs+g==', '07830735-b589-4991-a968-06f49510b6d5', null, '0', '0', null, '1', '0', 'ggg@ggg.com');
INSERT INTO `aspnetusers` VALUES ('c35f003b-0a55-42de-91bb-461a7fa1b4a2', 'test111@outlook.com', '0', 'ACOoQYpJdrGc1h4l6pkPxwDo1dA9NoLvlK7DLdoy9nLd/lGHjbhZnlmd/fgA+sm0mg==', '23d2d0c2-7011-4b25-afc1-6c0161f45f88', 'defasd', '0', '0', null, '1', '0', 'test111@outlook.com');
INSERT INTO `aspnetusers` VALUES ('d071e7f6-7045-4331-8ba2-e53bc909afbe', 'demo@gmail.com', '0', 'AA3tmjxTo+9a0tgl42nNRA6CGTMRbQdCW8zmKtxGersO0fN2rWHUp+JfDSlQ4HbfCw==', '95957e99-2d74-4f21-90fd-98d3a2700fca', '555555', '0', '0', null, '1', '0', 'demo@gmail.com');

-- ----------------------------
-- Table structure for `userinfo`
-- ----------------------------
DROP TABLE IF EXISTS `userinfo`;
CREATE TABLE `userinfo` (
  `Id` varchar(128) NOT NULL,
  `UserName` varchar(64) NOT NULL DEFAULT '',
  `Account_Type` int(11) DEFAULT '0',
  `Date_Of_Birth` date DEFAULT NULL,
  `Gender` tinyint(4) DEFAULT NULL,
  `Gender_Pref` int(11) DEFAULT NULL,
  `Credit_Amount` int(11) DEFAULT NULL,
  `Join_Date` date DEFAULT NULL,
  `Last_Login` datetime DEFAULT NULL,
  `Profile_Pic` varchar(256) DEFAULT NULL,
  `Gallery_Pics` text,
  `Private_Gallery_Pics` text,
  `Ethnicity` varchar(64) DEFAULT '',
  `Interests` varchar(512) DEFAULT '',
  `City` varchar(256) DEFAULT NULL,
  `County` varchar(256) DEFAULT NULL,
  `Country` varchar(256) DEFAULT NULL,
  `Postcode` varchar(32) DEFAULT NULL,
  `Online_Status` smallint(4) DEFAULT '0' COMMENT '0',
  `Ranking` int(11) DEFAULT NULL,
  `Score` int(11) DEFAULT NULL,
  PRIMARY KEY (`Id`),
  UNIQUE KEY `idx_un` (`UserName`) USING BTREE
) ENGINE=InnoDB DEFAULT CHARSET=utf8;

-- ----------------------------
-- Records of userinfo
-- ----------------------------
INSERT INTO `userinfo` VALUES ('16954a95-5526-4d82-be20-0bbeb67eb183', 'a', '0', '2017-09-17', '0', '1', '0', '2017-09-17', '2017-09-17 08:51:30', '16954a95-5526-4d82-be20-0bbeb67eb183.jpg', '', '', '', '', 'ddd', 'ddd', 'ddd', 'ddd', '0', '0', '0');
INSERT INTO `userinfo` VALUES ('3f758bac-b17b-456d-bf0d-85152ab06389', 'test', '0', '2017-09-17', '1', '2', '0', '2017-09-17', '2017-09-17 06:53:38', '3f758bac-b17b-456d-bf0d-85152ab06389.jpg', 'businessman-411487_960_720.jpg,businessman-411487_960_720(2).jpg,male-1905388_960_720.jpg,man-1246508_960_720.jpg', 'chair-1502877_960_720.jpg,modelling-1560591_960_720.jpg', '', '', 'ccc', 'cc', 'ccc', 'ccc', '0', '0', '0');
INSERT INTO `userinfo` VALUES ('58cf16b2-d44a-45d3-b6ed-a1778e97f070', 'aa', '0', '2017-09-17', '1', '3', '0', '2017-09-17', '2017-09-17 06:50:52', '', 'allrounder-1232060_960_720(2).jpg,black-2178681_960_720.jpg,black-2178681_960_720(2).jpg,allrounder-1232060_960_720(2).jpg,businessman-1492562_960_720.jpg,character-1468032_960_720.jpg,elegance-1504352_960_720.jpg', 'businessman-1492562_960_720.jpg,businessman-411487_960_720.jpg', '', '', null, null, null, null, '0', '0', '0');
INSERT INTO `userinfo` VALUES ('5de855f0-21e5-49b2-b189-f427c55ce913', 'test2', '1', '2017-09-01', '1', '3', '0', '2017-09-18', '2017-09-18 14:51:37', '5de855f0-21e5-49b2-b189-f427c55ce913.jpg', 'effect-1772029_960_720.jpg,modelling-1560591_960_720.jpg,teen-722647_960_720.jpg', 'man-1246508_960_720.jpg,teen-722647_960_720.jpg', '', '', 'asdf', 'asdf', null, null, '0', '0', '0');
INSERT INTO `userinfo` VALUES ('6698683e-f4af-4455-88e4-4dfbfe074772', 'zzz', '0', '2017-09-18', '0', '1', '0', '2017-09-18', '2017-09-18 15:06:50', '6698683e-f4af-4455-88e4-4dfbfe074772.jpg', '', '', '', '', 'asdf', null, null, null, '0', '0', '0');
INSERT INTO `userinfo` VALUES ('b022a487-a306-4f00-bb1d-875bf0865e6f', 'ggg', '1', '2017-09-29', '1', '1', '0', '2017-09-29', '2017-09-29 09:06:53', '', '', '', '', '', null, null, null, null, '0', '0', '0');
INSERT INTO `userinfo` VALUES ('c35f003b-0a55-42de-91bb-461a7fa1b4a2', 'test123', '1', '2017-09-29', '0', '1', '0', '2017-09-29', '2017-09-29 08:24:05', 'c35f003b-0a55-42de-91bb-461a7fa1b4a2.jpg', '', '', '', '', 'asdf', 'asdf', 'asdf', null, '0', '0', '0');
INSERT INTO `userinfo` VALUES ('d071e7f6-7045-4331-8ba2-e53bc909afbe', 'demo', '1', '2017-09-18', '1', '1', '0', '2017-09-18', '2017-09-18 14:59:52', 'd071e7f6-7045-4331-8ba2-e53bc909afbe.jpg', 'male-1905388_960_720.jpg,modelling-1560591_960_720.jpg', 'modelling-1560591_960_720.jpg,handsome-1342457_960_720.jpg,sun-glass-2280272_960_720.jpg', '', '', 'qwer', 'qwer', 'qwer', '123', '0', '0', '0');

-- ----------------------------
-- Table structure for `__migrationhistory`
-- ----------------------------
DROP TABLE IF EXISTS `__migrationhistory`;
CREATE TABLE `__migrationhistory` (
  `MigrationId` varchar(100) NOT NULL,
  `ContextKey` varchar(200) NOT NULL,
  `Model` longblob NOT NULL,
  `ProductVersion` varchar(32) NOT NULL,
  PRIMARY KEY (`MigrationId`,`ContextKey`)
) ENGINE=InnoDB DEFAULT CHARSET=utf8;

-- ----------------------------
-- Records of __migrationhistory
-- ----------------------------
INSERT INTO `__migrationhistory` VALUES ('201709101503362_InitialCreate', 'WebApplication.Migrations.Configuration', 0x1F8B0800000000000400DD5C5B6FE3B6127E3FC0F90F821E8BD4CAE5EC9E6D6077913AC969703617ACB36DDF16B4443BC24AA42A516982A2BFAC0FFD49FD0B1D4A942CF1A28BADD8CE628185450EBF190E87E47038CCDF7FFE357EFF1406D6238E139F92897D343AB42D4C5CEAF96439B153B6F8F69DFDFEFB7FFF6B7CE1854FD64F05DD09A783962499D80F8C45A78E93B80F3844C928F4DD982674C1462E0D1DE451E7F8F0F03BE7E8C8C100610396658D3FA684F921CE3EE0734A898B2396A2E09A7A38484439D4CC3254EB06853889908B27F6CF787E164581EF2206A28CF206B67516F8088499E160615B8810CAB2FAD34F099EB19892E52C820214DC3F4718E8162848B0E8C2E98ABC6B6F0E8F796F9C55C302CA4D1346C39E804727423D8EDC7C2D25DBA5FA408117A068F6CC7B9D2971625F79382BFA48035080CCF0741AC49C78625F972CCE92E806B351D17094435EC600F71B8DBF8CAA880756E77607A5391D8F0EF9BF036B9A062C8DF184E094C52838B0EED2398CF4FFF1F33DFD82C9E4E468BE3879F7E62DF24EDEFE079FBCA9F614FA0A74B50228BA8B698463900D2FCAFEDB96536FE7C80DCB669536B956C0966066D8D6357AFA80C9923DC09C397E675B97FE13F68A12615C9F880F13091AB13885CF9B3408D03CC065BDD3C893FFDFC0F5F8CDDB41B8DEA0477F990DBDC41F264E0CF3EA230EB2DAE4C18FF2E9551BEFCF82EC32A621FFAEDB575EFB7946D3D8E59DA146927B142F31AB4B377656C6DBC9A439D4F0665DA0EEBF69734955F3D692F20EAD33130A16DB9E0D85BC2FCBB7B3C5557620AE912683D3EE572309E0C0AA93AD0CE8A8AB0111E8D8D7BC1E5E84C80F0658103B70017764E1C7212E7BF90305F343A4B7CC772849603DF07E44C94383E8F07300D167D84D6330D3194361F4E2DCEE1E28C1376938E7D6BF3D5E830DCDFD6FF412B98CC61784B7DA18EF0375BFD0945D10EF1C31FC89B90520FFBCF7C3EE00838873E6BA38492EC198B137A5E06D178057849D1CF786E36BD4AE1D926980FC50EF9148ABE9E78274E595E82914CFC440A6F34E9A44FD40973EE9266A416A1635A768155590F5159583759354509A05CD085AE5CCA906F3F7B2111ADEE1CB60F7DFE3DB6CF336AD051535CE6085C4FFC304C7B08C797788311C93D50874593776E12C64C3C799BEF8DE9471FA0905E9D0ACD69A0DD92230FC6CC860F77F36646242F1A3EF71AFA4C331A82006F84EF4FA1356FB9C9324DBF674A87573DBCCB7B30698A6CB599250D7CF6681260026C21775F9C187B3DA6319796FE47808740C0CDDE75B1E9440DF6CD9A86EC9390E30C3D6999B0708A7287191A7AA113AE4F510ACD8513582ADE22275E1BE517882A5E3983742FC1094C04CF50953A7854F5C3F4241AB96A4961DB730DEF792875C738E234C38C3564D7461AE0F8370014A3ED2A0B46968EC542CAED9100D5EAB69CCDB5CD8D5B82BD189ADD8648BEF6CB04BE1BFBD8861366B6C0BC6D9AC922E0218437ABB30507156E96A00F2C165DF0C543A31190C54B8545B31D0BAC67660A07595BC3A03CD8FA85DC75F3AAFEE9B79D60FCADBDFD61BD5B503DBACE963CF4C33F73DA10D83163856CDF37CCE2BF113D31CCE404E713E4B84AB2B9B08079F61560FD9ACFC5DAD1FEA3483C846D404B832B416507119A8002913AA8770452CAF513AE145F4802DE26E8DB062ED97602B36A062572F452B84E6AB53D9383B9D3ECA9E95D6A01879A7C34205476310F2E255EF7807A598E2B2AA62BAF8C27DBCE14AC7C4603428A8C5733528A9E8CCE05A2A4CB35D4B3A87AC8F4BB6919624F7C9A0A5A233836B49D868BB92344E410FB7602315D5B7F081265B11E928779BB26EECE4E952A260EC18F2AAC6D7288A7CB2ACE45989126B9627594DBF9DF54F3D0A730CC74D341948A5B425274663B4C4522DB006492FFD3861E788A139E2719EA9172A64DABDD5B0FC172CABDBA73A88C53E5050F3DF790BFD157E6DBB55FD110173099D0CB9539345D23526A06F6EF1D43714A05813BC9FD2200D89D9C732B7CEAFF0AAEDF3121561EC48F22B3E94A230C5D3AD6BBFD3D8A8F362B8712ABD98F5C7CA0C61D278E18356756EF24BCD284598AA8A620A5DED6CEC4CEE4CDFF1929DC5FEC3D58AF032B34B64A8540144514F8C4A92830256A9EB8E5ACF43A962D66BBA234AC9265548A9AA8794D594929A90D58AB5F00C1AD55374E7A0269154D1D5DAEEC89A74922AB4A67A0D6C8DCC725D77544DC649155853DD1D7B957E22AFA37BBC7F198F309B6C60F94177B31DCC80F1328BE2301B60E53EBF0A5429EE89256EEC153051BE9706653CED6D62507988633383326098D79FDA65787DF969BCC13763D66EB86B4B7CD30DBF19AF9FD9BEA87128E73D99A4E45E9EFBA4F3DD589CB5DA1FD72887AF9CC4B60A354EECEBE7D9AFC188D78FB29FD3C0C77C352F28AE11F1173861795A87FD66F45FE971CEFE3C947192C40B346755D36B99FA986D21418B3CA2D87D40B19A2EB1C1639215A81289BE221E7E9AD8BF67AD4EB3A006FF95151F5857C927E2FF9A42C57D9C62EB0F35FD7398E4FAE6D3D69E3E85E8AED5AB5F3EE74D0FACDB1826CCA97528E9729D11AE3F90E8254DDE740369D67E36F17A2754ED358216559A10EB3F3E98531A0CF2F220A020597605D54F2CEDC38275C134EF0606801A4669A637016B81191F0478F0C9B20701773176FDFC41ED61DFCEEB9F0BAC25A9F1AD804FD8C62F05BAAF4445CB1DEE369A93D13656A54CCFAD99D61BA55DEE7A7B5212B2D79DF46ABE7537A40DD2A9D7B0875796893CD8B6A849341E0C7B9706FDE2D9C5FB9250BC4AF5D86D1EF13653871B2E86BEAA8CE13DC871D3E4ECEC3E2F78DBB6668AE1EE797265BFECDF3D333691C9B5FB1CDF6D1B9B29BEBBE7C6D62B9377CF6C6D57FBE78E2DADF316BAF3BC5C35C5C87017A30B02B7E5DDE6117338E6CF291841EE51E6CF25F5895E4D49AA2D0C572466A6E60C3399B1327114BE0A4533DB7E7D151B7E6367054D335B435E66136FB1FE37F21634CDBC0DD98EBBC818D6E61BEAB2B85BD6B1A634A8D794215CEB494B427A9BCFDA78B1FE9A128207514A6DF6182E875F4FFEEF202A1972EAF4C8F755EF7961EFACFCA945D8BF137FB982E07F789160B7B66B96345764418BCD5B92A820912234D798210FB6D4B398F90BE432A8E691E5ECBD7716B2E3571C73EC5D91DB944529832EE3701ED4025EDC0968E29F2535D7651EDF46FC2B19A20B20A6CF03F4B7E487D40FBC52EE4B4D4CC800C1BD0B11C7E563C9783C77F95C22DD50D21148A8AF748AEE7118050096DC92197AC4EBC806E6F7012F91FBBC8A009A40DA07A2AEF6F1B98F96310A1381B16A0F9F60C35EF8F4FD3F31CA6D2571540000, '6.1.3-40302');

-- ----------------------------
-- View structure for `userlist`
-- ----------------------------
DROP VIEW IF EXISTS `userlist`;
CREATE ALGORITHM=UNDEFINED DEFINER=`user`@`%` SQL SECURITY DEFINER VIEW `userlist` AS select `userinfo`.`Id` AS `Id`,`aspnetusers`.`Email` AS `Email`,`userinfo`.`Gender` AS `Gender`,`userinfo`.`Credit_Amount` AS `Credit_Amount`,`userinfo`.`Gender_Pref` AS `Gender_Pref`,`aspnetusers`.`UserName` AS `UserName`,`aspnetusers`.`PhoneNumber` AS `PhoneNumber`,`userinfo`.`Date_Of_Birth` AS `Date_Of_Birth`,`userinfo`.`Join_Date` AS `Join_Date`,`userinfo`.`Last_Login` AS `Last_Login`,`userinfo`.`Gallery_Pics` AS `Gallery_Pics`,`userinfo`.`City` AS `City`,`userinfo`.`Private_Gallery_Pics` AS `Private_Gallery_Pics`,`userinfo`.`Profile_Pic` AS `Profile_Pic`,`userinfo`.`Online_Status` AS `Online_Status`,timestampdiff(YEAR,`userinfo`.`Date_Of_Birth`,curdate()) AS `age`,concat(`userinfo`.`County`,', ',`userinfo`.`Country`) AS `Location`,if((`userinfo`.`Online_Status` = 1),'Online','Offline') AS `OnlineNote`,`userinfo`.`Ethnicity` AS `Ethnicity`,`userinfo`.`Interests` AS `Interests` from (`aspnetusers` join `userinfo` on((`aspnetusers`.`Id` = `userinfo`.`Id`))) ;
